path_idx,path_hops,relation_seq,weight_mean,weight_std,weight_min,weight_max
0,1,contraindication,0.02129808585574426,0.01342001536844473,0.007493092678487301,0.10828173905611038
0,1,drug_drug,0.015622671999919572,0.00079355279440556,0.013437364250421524,0.017405178397893906
0,1,drug_protein,0.014594239555299282,0.002255683230483095,0.011715981177985668,0.019585568457841873
0,1,indication,0.02556316740810871,,0.02556316740810871,0.02556316740810871
1,1,contraindication,0.023783507629890333,0.016481197188837934,0.005458120722323656,0.09864702075719833
1,1,drug_drug,0.015562121841040525,0.0007902882040663125,0.013263017870485783,0.017573876306414604
1,1,drug_protein,0.01591756215525998,0.012167423923409849,0.008851869031786919,0.04720906540751457
1,2,drug_protein | disease_protein,0.014991110656410456,0.003677701732379722,0.01239058282226324,0.01759163849055767
1,2,indication | contraindication,0.024857893586158752,,0.024857893586158752,0.024857893586158752
2,1,contraindication,0.023786940091745333,0.016683808396960965,0.002403557300567627,0.10639581829309464
2,1,drug_drug,0.01584894014749585,0.0008401475716395795,0.01260277908295393,0.017592165619134903
2,1,drug_protein,0.012213333820303282,0.0008393676267576561,0.011584938503801823,0.013166575692594051
2,1,indication,0.013195609984298548,0.008073047005758185,0.008232546970248222,0.022510888054966927
2,2,drug_protein | disease_protein,0.016402200562879443,0.0033205935167768615,0.013306564651429653,0.01945945806801319
2,2,drug_protein | drug_protein,0.012673163786530495,,0.012673163786530495,0.012673163786530495
2,2,indication | contraindication,0.024985158815979958,,0.024985158815979958,0.024985158815979958
3,1,contraindication,0.019477996231137735,0.007929687172617177,0.0037122564390301704,0.049065735191106796
3,1,drug_drug,0.015819919384306387,0.0010004823860942321,0.012542792595922947,0.017356954514980316
3,1,drug_protein,0.010297244414687157,,0.010297244414687157,0.010297244414687157
3,1,indication,0.01411406637635082,0.009117253197046956,0.006394221447408199,0.026185376569628716
3,2,drug_protein | disease_protein,0.013368594087660312,0.003010863423821545,0.010008170269429684,0.017018524929881096
3,2,drug_protein | drug_protein,0.012867837212979794,,0.012867837212979794,0.012867837212979794
3,2,indication | contraindication,0.024891531094908714,,0.024891531094908714,0.024891531094908714
4,1,contraindication,0.022085150297687844,0.018167313781522275,0.00600064592435956,0.09877096861600876
4,1,drug_drug,0.015792538786585302,0.0009294511161681155,0.012566559948027134,0.01731795258820057
4,1,drug_protein,0.02290440211072564,0.020901582992989498,0.008124751038849354,0.03768405318260193
4,1,indication,0.027060501277446747,,0.027060501277446747,0.027060501277446747
4,2,drug_drug | contraindication,0.025554359890520573,1.8478758893995103e-06,0.025553053244948387,0.025555666536092758
4,2,drug_protein | disease_protein,0.014391571166925132,0.003138348462546932,0.010822041891515255,0.020335728302598
4,2,drug_protein | protein_protein,0.015173940919339657,,0.015173940919339657,0.015173940919339657
4,2,indication | contraindication,0.02450762316584587,,0.02450762316584587,0.02450762316584587
5,1,contraindication,0.021848849281446918,0.015983288033669073,0.004361020401120186,0.08903118968009949
5,1,drug_drug,0.015789868561237045,0.0010293657570723787,0.010990122333168983,0.017497776076197624
5,1,drug_protein,0.009816673584282398,0.0019439456793130454,0.008442096412181854,0.011191250756382942
5,1,indication,0.028698701411485672,,0.028698701411485672,0.028698701411485672
5,2,drug_drug | contraindication,0.019025386311113834,1.378992199715814e-06,0.019024411216378212,0.019026361405849457
5,2,drug_protein | disease_protein,0.015349952271208167,0.004443646461662059,0.0110993767157197,0.024388182908296585
5,2,drug_protein | protein_protein,0.044693030416965485,,0.044693030416965485,0.044693030416965485
5,2,indication | contraindication,0.024815572425723076,,0.024815572425723076,0.024815572425723076
6,1,contraindication,0.02459919437902366,0.01845874872456972,0.006424756720662117,0.09162323921918869
6,1,drug_drug,0.015744550557186206,0.001028975069483612,0.011713026091456413,0.017645612359046936
6,1,drug_protein,0.00923047075048089,0.0024982616894728316,0.00746393296867609,0.01099700853228569
6,1,indication,0.027106623630970716,0.01750363952867944,0.014729681424796581,0.03948356583714485
6,2,drug_drug | drug_drug,0.01559966430068016,1.1300623756983462e-06,0.01559886522591114,0.01560046337544918
6,2,drug_protein | disease_protein,0.013936650822870433,0.0038338405844712577,0.010083667933940887,0.021333850920200348
6,2,drug_protein | protein_protein,0.018387576565146446,,0.018387576565146446,0.018387576565146446
6,2,indication | contraindication,0.024978898465633392,,0.024978898465633392,0.024978898465633392
7,1,contraindication,0.0204316715856916,0.013929150983228581,0.006973641458898783,0.08270769566297531
7,1,drug_drug,0.015636133000646767,0.0010824699054429244,0.01110521424561739,0.017360052093863487
7,1,drug_protein,0.02161216177046299,0.005904532673444378,0.015026723966002464,0.026433773338794708
7,1,indication,0.025530613493174314,0.017398383042879544,0.01322809886187315,0.03783312812447548
7,2,drug_drug | drug_drug,0.015650006011128426,1.1326965537302771e-06,0.015649205073714256,0.015650806948542595
7,2,drug_protein | disease_protein,0.015069251081773214,0.0038476659557211326,0.010039657354354858,0.02041456289589405
7,2,drug_protein | drug_protein,0.010148719884455204,,0.010148719884455204,0.010148719884455204
7,2,drug_protein | protein_protein,0.017860518768429756,,0.017860518768429756,0.017860518768429756
7,2,indication | contraindication,0.025621838867664337,,0.025621838867664337,0.025621838867664337
8,1,contraindication,0.021881757067962433,0.017595196742351146,0.0086950259283185,0.09555515646934509
8,1,drug_drug,0.015444106300069827,0.0010121127375347261,0.012263539247214794,0.017414039000868797
8,1,drug_protein,0.016819625278003514,0.009630549960398506,0.003235048148781061,0.025776734575629234
8,1,indication,0.020735917147248983,0.008392212645404898,0.014801726676523685,0.02667010761797428
8,2,drug_drug | drug_drug,0.015662360936403275,1.135330731762208e-06,0.015661558136343956,0.015663163736462593
8,2,drug_protein | disease_protein,0.013204647228121758,0.0035275420393898593,0.009120926260948181,0.01880045421421528
8,2,drug_protein | drug_protein,0.013307482935488224,0.0037741778442546823,0.010638736188411713,0.015976229682564735
8,2,drug_protein | protein_protein,0.017034363001585007,,0.017034363001585007,0.017034363001585007
8,2,indication | contraindication,0.024818478152155876,,0.024818478152155876,0.024818478152155876
9,1,contraindication,0.01891570072621107,0.00820994535157562,0.009075595997273922,0.058212362229824066
9,1,drug_drug,0.015340464659744785,0.0011054430231554196,0.012085584923624992,0.01719481125473976
9,1,drug_protein,0.02722572845717271,0.01090128116604641,0.01816624589264393,0.03932397440075874
9,1,indication,0.020500652492046356,0.005769171259648516,0.016421232372522354,0.02458007261157036
9,2,contraindication | contraindication,0.01605401560664177,,0.01605401560664177,0.01605401560664177
9,2,drug_drug | drug_drug,0.015695497393608093,1.137964909794139e-06,0.015694692730903625,0.01569630205631256
9,2,drug_protein | disease_protein,0.013451710964242617,0.0021551638652116062,0.010755361057817936,0.016077963635325432
9,2,drug_protein | drug_protein,0.013118402101099491,0.0040185874187693565,0.010276831686496735,0.015959972515702248
9,2,drug_protein | protein_protein,0.016232453286647797,,0.016232453286647797,0.016232453286647797
9,2,indication | contraindication,0.025812888517975807,,0.025812888517975807,0.025812888517975807
10,1,contraindication,0.02100679306163182,0.016036422228086666,0.0075491503812372684,0.0824020579457283
10,1,drug_drug,0.01520101613951502,0.0011840230115108647,0.01220100186765194,0.01737176813185215
10,1,drug_protein,0.020812481331328552,0.012364245137394552,0.010825063101947308,0.03464152663946152
10,1,indication,0.02127954363822937,0.012365882718918277,0.012535544112324715,0.030023543164134026
10,2,contraindication | contraindication,0.017297711223363876,,0.017297711223363876,0.017297711223363876
10,2,drug_drug | drug_drug,0.015649331733584404,1.1326965537302771e-06,0.015648530796170235,0.015650132670998573
10,2,drug_protein | disease_protein,0.01233438883597652,0.002903324433227895,0.008761195465922356,0.017026545479893684
10,2,drug_protein | drug_protein,0.010258456692099571,,0.010258456692099571,0.010258456692099571
10,2,drug_protein | protein_protein,0.020865874364972115,0.005542060332269532,0.016947045922279358,0.02478470280766487
10,2,indication | contraindication,0.025189485400915146,,0.025189485400915146,0.025189485400915146
11,1,contraindication,0.021657610327371807,0.015393818726020117,0.008173993788659573,0.08916938304901123
11,1,drug_drug,0.015304218029278682,0.001137228738165266,0.012127441354095936,0.017272237688302994
11,1,drug_protein,0.01669197529554367,,0.01669197529554367,0.01669197529554367
11,1,indication,0.021081232000142336,0.009594205203532165,0.014297104440629482,0.02786535955965519
11,2,contraindication | contraindication,0.01570286462083459,0.0004894585957466002,0.015356765128672123,0.016048964112997055
11,2,drug_drug | drug_drug,0.015036956872791052,1.088574071695435e-06,0.015036187134683132,0.015037726610898972
11,2,drug_protein | disease_protein,0.01282702133591686,0.002309261078886991,0.00972848292440176,0.015700509771704674
11,2,drug_protein | drug_protein,0.010119128972291946,,0.010119128972291946,0.010119128972291946
11,2,drug_protein | protein_protein,0.01707384968176484,0.003790694799059397,0.014393423683941364,0.019754275679588318
11,2,indication | contraindication,0.024592258036136627,,0.024592258036136627,0.024592258036136627
12,1,contraindication,0.023445739033471406,0.016885277395332007,0.007313685957342386,0.09483154118061066
12,1,drug_drug,0.015168998440328454,0.0011236958865485302,0.012162405997514725,0.017372967675328255
12,1,drug_protein,0.05095076933503151,,0.05095076933503151,0.05095076933503151
12,1,indication,0.011531979776918888,,0.011531979776918888,0.011531979776918888
12,2,contraindication | contraindication,0.014830618475874266,0.001695700031412458,0.012890814803540707,0.01603132300078869
12,2,drug_drug | drug_drug,0.01563508901745081,1.1313794647143117e-06,0.015634289011359215,0.015635889023542404
12,2,drug_protein | disease_protein,0.013995407681379999,0.00398138848293327,0.009609757922589779,0.021642984822392464
12,2,drug_protein | drug_protein,0.01065525971353054,,0.01065525971353054,0.01065525971353054
12,2,drug_protein | protein_protein,0.026870600879192352,0.01241297918795117,0.018093299120664597,0.03564790263772011
12,2,indication | contraindication,0.025179749354720116,,0.025179749354720116,0.025179749354720116
13,1,contraindication,0.02259276364929974,0.013658374666396954,0.008724475279450417,0.06689067929983139
13,1,drug_drug,0.015271443131882532,0.0011088321226590614,0.011749347671866417,0.017198733985424042
13,1,drug_protein,0.024045348167419434,4.529732543708336e-05,0.024013318121433258,0.02407737821340561
13,2,contraindication | contraindication,0.014553392926851908,0.0015927208959777624,0.01279005128890276,0.015887534245848656
13,2,drug_drug | contraindication,0.025836637243628502,,0.025836637243628502,0.025836637243628502
13,2,drug_drug | drug_drug,0.015583360102027655,1.1294038311903634e-06,0.015582561492919922,0.015584158711135387
13,2,drug_protein | disease_protein,0.013756478338369302,0.0026358661868940937,0.009090783074498177,0.015741974115371704
13,2,drug_protein | drug_protein,0.01002122089266777,,0.01002122089266777,0.01002122089266777
13,2,drug_protein | protein_protein,0.031196548603475094,0.021220101873710005,0.016191670671105385,0.0462014265358448
13,2,indication | contraindication,0.02491459622979164,,0.02491459622979164,0.02491459622979164
14,1,contraindication,0.02215640118591628,0.013163418334295492,0.006734302267432213,0.06406982243061066
14,1,drug_drug,0.01522148595717938,0.0012080343540422614,0.01216879952698946,0.017431646585464478
14,1,indication,0.013050751760601997,,0.013050751760601997,0.013050751760601997
14,2,contraindication | contraindication,0.014642303188641867,0.0015115020432093557,0.012907092459499836,0.015672454610466957
14,2,drug_drug | contraindication,0.01923554576933384,,0.01923554576933384,0.01923554576933384
14,2,drug_drug | drug_drug,0.015393372857943177,0.0005039925942625275,0.014970884658396244,0.015974195674061775
14,2,drug_protein | disease_protein,0.013750628036047732,0.002651207608177734,0.009453849866986275,0.016752276569604874
14,2,drug_protein | drug_protein,0.010164550505578518,,0.010164550505578518,0.010164550505578518
14,2,drug_protein | protein_protein,0.025111718103289604,0.01078452769443347,0.017485905438661575,0.03273753076791763
14,2,indication | contraindication,0.02431528829038143,,0.02431528829038143,0.02431528829038143
15,1,contraindication,0.024772625034675002,0.01673855537110097,0.0030491380020976067,0.08109311014413834
15,1,drug_drug,0.015098124197921005,0.0011824154554885768,0.011873465031385422,0.01722157746553421
15,1,indication,0.013607552275061607,,0.013607552275061607,0.013607552275061607
15,2,contraindication | contraindication,0.01447059524556001,0.0022505473068080133,0.011908973567187786,0.016130264848470688
15,2,drug_drug | drug_drug,0.015487424284219741,0.0002478118574416525,0.015227093361318111,0.015771981328725815
15,2,drug_protein | disease_protein,0.014480388102432093,0.0027685109043627427,0.009622248820960522,0.017791643738746643
15,2,drug_protein | drug_protein,0.011158769950270653,0.000732485885339019,0.010640824213624,0.011676715686917305
15,2,drug_protein | protein_protein,0.019169160164892673,0.0020795004808362083,0.017698731273412704,0.020639589056372643
15,2,indication | contraindication,0.024569937959313393,,0.024569937959313393,0.024569937959313393
16,1,contraindication,0.01939320132294868,0.013653060791617563,0.006118221674114466,0.07573678344488144
16,1,drug_drug,0.015070428925543285,0.0011782652451186012,0.011986851692199707,0.017192408442497253
16,1,indication,0.01573328673839569,,0.01573328673839569,0.01573328673839569
16,2,contraindication | contraindication,0.014299844081203142,0.0014123420343448044,0.012965255416929722,0.01577884331345558
16,2,drug_drug | drug_drug,0.015659755654633047,0.00033262924358588684,0.015105786733329296,0.015986941754817963
16,2,drug_protein | disease_protein,0.01422649264956514,0.0032176871946508075,0.01032998226583004,0.018941204994916916
16,2,drug_protein | drug_protein,0.010806205682456493,0.0012385272903411321,0.009930434636771679,0.011681976728141308
16,2,drug_protein | protein_protein,0.020778140518814325,0.007468207529165328,0.015497320331633091,0.02605896070599556
16,2,indication | contraindication,0.025301648303866386,,0.025301648303866386,0.025301648303866386
17,1,contraindication,0.023353472465856208,0.014626864771134881,0.006015004590153694,0.07689928263425827
17,1,drug_drug,0.014918343005020445,0.001127568653813619,0.011866474524140358,0.017010847106575966
17,1,off-label use,0.010320479050278664,,0.010320479050278664,0.010320479050278664
17,2,contraindication | contraindication,0.014734041877090931,0.0015356339605174104,0.012962184846401215,0.01567966677248478
17,2,drug_drug | drug_drug,0.015670948103070258,0.00022598632509405298,0.015350742265582085,0.015933623537421227
17,2,drug_protein | disease_protein,0.014407841643939415,0.0035331893756642085,0.010840264149010181,0.020560024306178093
17,2,drug_protein | drug_protein,0.010678024962544441,0.0007817766246725096,0.01012522540986538,0.011230824515223503
17,2,drug_protein | protein_protein,0.02245061844587326,0.007470679046703788,0.01716805063188076,0.02773318625986576
17,2,indication | contraindication,0.02502293325960636,,0.02502293325960636,0.02502293325960636
18,1,contraindication,0.01763068563822243,0.008738186730314235,0.006217594258487225,0.062091417610645294
18,1,drug_drug,0.014947901896344937,0.001199527437743955,0.01171927060931921,0.017292847856879234
18,1,off-label use,0.009097710251808167,,0.009097710251808167,0.009097710251808167
18,2,contraindication | contraindication,0.01416160042087237,0.0018172493199097195,0.012216120027005672,0.015815313905477524
18,2,drug_drug | drug_drug,0.015442117862403393,0.00035196171907146245,0.014919719658792019,0.01586887426674366
18,2,drug_protein | disease_protein,0.014903155388310552,0.0029800664034576063,0.012827732600271702,0.019322019070386887
18,2,drug_protein | drug_protein,0.012226650258526206,0.002164559544174569,0.010152967646718025,0.015272500924766064
18,2,drug_protein | protein_protein,0.022863796912133694,0.0012338687464916623,0.021991319954395294,0.023736273869872093
18,2,indication | contraindication,0.025098882615566254,,0.025098882615566254,0.025098882615566254
19,1,contraindication,0.0168189402646953,0.010124065004035607,0.0058431983925402164,0.06874937564134598
19,1,drug_drug,0.014923600003299281,0.0012961349163137603,0.011491778306663036,0.017383070662617683
19,1,off-label use,0.013876989483833313,,0.013876989483833313,0.013876989483833313
19,2,contraindication | contraindication,0.014591516306002935,0.002416074235707108,0.012217679992318153,0.01704772189259529
19,2,drug_drug | drug_drug,0.015566475875675678,0.0003535030827136461,0.015222419984638691,0.01601208560168743
19,2,drug_protein | disease_protein,0.013801336754113436,0.0029400479728092627,0.0100370142608881,0.01673112064599991
19,2,drug_protein | drug_protein,0.013628007844090462,0.0023456736342506957,0.011969366110861301,0.015286649577319622
19,2,drug_protein | protein_protein,0.024418389424681664,0.011805846046752163,0.014876505360007286,0.04162045195698738
19,2,indication | contraindication,0.024938875809311867,,0.024938875809311867,0.024938875809311867
20,1,contraindication,0.019500867259211657,0.014405814758327303,0.006325673311948776,0.06777898222208023
20,1,drug_drug,0.014834305899779476,0.0012363350218904047,0.011601526290178299,0.017294980585575104
20,1,off-label use,0.014067307114601135,,0.014067307114601135,0.014067307114601135
20,2,contraindication | contraindication,0.014357599740227064,0.0018943352691916987,0.012216616421937943,0.015816226601600647
20,2,drug_drug | drug_drug,0.015368428857376179,0.0003881439429307136,0.015030333772301674,0.01600067690014839
20,2,drug_protein | disease_protein,0.015660837665200232,0.003918730649316246,0.010278134606778622,0.02131650224328041
20,2,drug_protein | drug_protein,0.013536994345486164,0.0024818382479882507,0.011782069690525532,0.015291919000446796
20,2,drug_protein | protein_protein,0.015449887452026209,0.0009576147246846879,0.014353719539940357,0.01612382009625435
20,2,indication | contraindication,0.026340575888752937,,0.026340575888752937,0.026340575888752937
21,1,contraindication,0.01882130712366257,0.011353490215122317,0.007285929284989834,0.07099896669387817
21,1,drug_drug,0.014854989858577028,0.001229127681230007,0.011579054407775402,0.016990268602967262
21,1,off-label use,0.017227593809366226,,0.017227593809366226,0.017227593809366226
21,2,contraindication | contraindication,0.014395383186638355,0.0014159740368834173,0.012951844371855259,0.015782080590724945
21,2,drug_drug | drug_drug,0.015501366772999367,0.0003759241437465144,0.014901640824973583,0.015880398452281952
21,2,drug_protein | disease_protein,0.017254702374339105,0.004686828627822262,0.010257607325911522,0.021893298253417015
21,2,drug_protein | drug_protein,0.013445453252643347,0.0025707634885346812,0.011627648957073689,0.015263257548213005
21,2,drug_protein | protein_protein,0.015348529443144798,0.0007019870872920475,0.014784003607928753,0.01613454706966877
21,2,indication | contraindication,0.02502027526497841,,0.02502027526497841,0.02502027526497841
22,1,contraindication,0.017561698533795977,0.008806839386895051,0.004611588083207607,0.04794841632246971
22,1,drug_drug,0.014817445452969808,0.0013033751949999381,0.01121725607663393,0.017361829057335854
22,1,off-label use,0.010035322979092598,,0.010035322979092598,0.010035322979092598
22,2,contraindication | contraindication,0.014461851678788662,0.0019637586471119425,0.01240705605596304,0.01631973683834076
22,2,drug_drug | drug_drug,0.01558895812680324,0.0002809279011553348,0.015187394805252552,0.016016103327274323
22,2,drug_protein | disease_protein,0.014648348651826381,0.003631799175749515,0.009881088510155678,0.02011284977197647
22,2,drug_protein | drug_protein,0.013441711198538542,0.002614543527425372,0.011592949740588665,0.015290472656488419
22,2,drug_protein | protein_protein,0.017864679917693138,0.005856546405055465,0.012583408504724503,0.024163220077753067
22,2,indication | contraindication,0.024997232481837273,,0.024997232481837273,0.024997232481837273
23,1,contraindication,0.018688373474611178,0.01311545948074165,0.008740250021219254,0.07195272296667099
23,1,drug_drug,0.014864274663210825,0.0013933640898280374,0.0099843954667449,0.017721690237522125
23,1,off-label use,0.013166341930627823,,0.013166341930627823,0.013166341930627823
23,2,contraindication | contraindication,0.014208748626212278,0.0020312103835601236,0.011948051862418652,0.01588016375899315
23,2,drug_drug | drug_drug,0.015222379006445408,7.102699450807513e-05,0.01513703167438507,0.015296674333512783
23,2,drug_protein | disease_protein,0.015798513032495975,0.0046120803137658225,0.010052940808236599,0.02287979982793331
23,2,drug_protein | drug_protein,0.013623674865812063,0.0023163427204096533,0.011985773220658302,0.015261576510965824
23,2,drug_protein | protein_protein,0.01521670880417029,0.001960203662790417,0.014050967991352081,0.01747981272637844
23,2,indication | contraindication,0.02616257220506668,,0.02616257220506668,0.02616257220506668
24,1,contraindication,0.016993498895317316,0.006778112278324203,0.0046907211653888226,0.03957268223166466
24,1,drug_drug,0.014786670944004349,0.0013441569350171002,0.010079742409288883,0.017431093379855156
24,1,off-label use,0.015486078336834908,,0.015486078336834908,0.015486078336834908
24,2,contraindication | contraindication,0.01474101593097051,0.0023829715795739125,0.012292491272091866,0.01705252192914486
24,2,drug_drug | drug_drug,0.015531060441086689,0.00032150037323433115,0.015105613507330418,0.01605960540473461
24,2,drug_protein | disease_protein,0.014898708555847406,0.0012350463956779952,0.013056835159659386,0.01568131148815155
24,2,drug_protein | drug_protein,0.015118201884130636,0.0034463961419387876,0.011578737758100033,0.01846330426633358
24,2,drug_protein | protein_protein,0.01736272561053435,0.005838367259285169,0.0123719722032547,0.02378312684595585
24,2,indication | contraindication,0.025076190009713173,,0.025076190009713173,0.025076190009713173
25,1,contraindication,0.015617921948432922,0.004197139877933817,0.008234037086367607,0.02540963888168335
25,1,drug_drug,0.014749723990776934,0.0013557162180177773,0.010720833204686642,0.017312193289399147
25,1,indication,0.04244057834148407,,0.04244057834148407,0.04244057834148407
25,2,contraindication | contraindication,0.014652641722932458,0.0012383129777718317,0.012967556715011597,0.01591641455888748
25,2,drug_drug | drug_drug,0.01547674477721254,0.00030645027308512916,0.01502292975783348,0.015864919871091843
25,2,drug_protein | disease_protein,0.01646811484048764,0.0029899851571670525,0.014612221159040928,0.01991732232272625
25,2,drug_protein | drug_protein,0.0151153231660525,0.003441021562641227,0.011586965061724186,0.018461793661117554
25,2,drug_protein | protein_protein,0.017677429132163525,0.005290314837654781,0.012361383996903896,0.022810108959674835
25,2,indication | contraindication,0.0251686479896307,,0.0251686479896307,0.0251686479896307
26,1,contraindication,0.021979158220347017,0.015368675704693687,0.0057603418827056885,0.0638408437371254
26,1,drug_drug,0.014600452910968684,0.0014330914937313827,0.009784908033907413,0.017040539532899857
26,1,drug_protein,0.10409116744995117,,0.10409116744995117,0.10409116744995117
26,2,contraindication | contraindication,0.014737851731479169,0.0012367837855941442,0.012956308200955391,0.01634182035923004
26,2,drug_drug | drug_drug,0.01555964257568121,0.00035705821959820854,0.014892762526869774,0.015921592712402344
26,2,drug_protein | disease_protein,0.015543532557785511,0.0007298215494021826,0.015079658478498459,0.016384776681661606
26,2,drug_protein | drug_protein,0.015243488363921642,0.0032581491067587786,0.01197325810790062,0.018489420413970947
26,2,drug_protein | protein_protein,0.017295402707532048,0.004718853500386068,0.01386348158121109,0.024252040311694145
26,2,indication | contraindication,0.024476444348692894,,0.024476444348692894,0.024476444348692894
27,1,contraindication,0.019074624118905877,0.008827964320261974,0.0059430706314742565,0.044864121824502945
27,1,drug_drug,0.014619658325812709,0.001478116326831645,0.009611353278160095,0.01697845384478569
27,1,indication,0.018351491540670395,,0.018351491540670395,0.018351491540670395
27,2,contraindication | contraindication,0.014729184471070767,0.0015811400945272762,0.0123677346855402,0.016810636967420578
27,2,drug_drug | drug_drug,0.015268698489914337,0.0005526583752415907,0.01463135052472353,0.016026102006435394
27,2,drug_protein | disease_protein,0.015173009596765041,0.0016000134906510991,0.013332880102097988,0.0162362027913332
27,2,drug_protein | drug_protein,0.016880633309483528,0.002255380596761185,0.015285838395357132,0.018475428223609924
27,2,drug_protein | protein_protein,0.017870314233005048,0.0036121124957690185,0.015096387825906277,0.023812776431441307
27,2,indication | contraindication,0.025797545909881592,,0.025797545909881592,0.025797545909881592
28,1,contraindication,0.016477667822920043,0.007498602355047945,0.005859185941517353,0.03479798883199692
28,1,drug_drug,0.014532267743790591,0.0014981770433570847,0.01039305329322815,0.017297707498073578
28,1,drug_protein,0.02263486012816429,,0.02263486012816429,0.02263486012816429
28,2,contraindication | contraindication,0.014537064731121064,0.0015691934437490765,0.012102225795388222,0.01645820401608944
28,2,drug_drug | drug_drug,0.01529436239174434,0.0006510312985857653,0.013829236850142479,0.015638692304491997
28,2,drug_protein | disease_protein,0.014720624312758446,0.0006771896367428194,0.014019986614584923,0.015371635556221008
28,2,drug_protein | drug_protein,0.01529861893504858,,0.01529861893504858,0.01529861893504858
28,2,drug_protein | protein_protein,0.016374908077220123,0.0034072652753437127,0.011447224766016006,0.02188855968415737
28,2,indication | contraindication,0.024649126455187798,,0.024649126455187798,0.024649126455187798
29,1,contraindication,0.020104243323720735,0.01094890000428721,0.007787841372191906,0.06838925182819366
29,1,drug_drug,0.014553820638468972,0.001643402050781224,0.009584197774529457,0.01750870794057846
29,1,drug_protein,0.023542074486613274,,0.023542074486613274,0.023542074486613274
29,2,contraindication | contraindication,0.01461100522428751,0.0014857818150552991,0.012314162217080593,0.016458790749311447
29,2,drug_drug | drug_drug,0.015126481120075499,0.0005728942621655276,0.013885678723454475,0.015508787706494331
29,2,drug_protein | disease_protein,0.015847052757938702,0.0019418581642411238,0.014434901997447014,0.018061500042676926
29,2,drug_protein | drug_protein,0.015293257310986519,,0.015293257310986519,0.015293257310986519
29,2,drug_protein | protein_protein,0.02133927009999752,0.005329883881068103,0.014485124498605728,0.02858928218483925
29,2,indication | contraindication,0.01746766408905387,0.012365351273500335,0.008724040351808071,0.026211287826299667
30,1,contraindication,0.01667055720463395,0.003982305424400733,0.011758080683648586,0.029174642637372017
30,1,drug_drug,0.01442084651854303,0.001496943672168192,0.009620246477425098,0.016830967739224434
30,1,drug_protein,0.01954482216387987,0.001482653690717374,0.018496427685022354,0.02059321664273739
30,2,contraindication | contraindication,0.014885749109089375,0.0015568568472873808,0.012955144979059696,0.01730671338737011
30,2,drug_drug | drug_drug,0.015342854229467255,0.0007947492154023464,0.013710138387978077,0.016092490404844284
30,2,drug_protein | disease_protein,0.016286850596467655,0.0015370720802227549,0.014551110565662384,0.01747564971446991
30,2,drug_protein | drug_protein,0.015280175022780895,,0.015280175022780895,0.015280175022780895
30,2,drug_protein | protein_protein,0.017388894595205782,0.004980492110147968,0.011924686841666698,0.024889925494790077
30,2,indication | contraindication,0.01724698208272457,0.012031268351878162,0.008739590644836426,0.025754373520612717
31,1,contraindication,0.015915221224228542,0.004476102085353962,0.011237016879022121,0.03010011650621891
31,1,drug_drug,0.014520284934170383,0.0017308161183457677,0.009593062102794647,0.017133153975009918
31,1,drug_protein,0.030888943932950497,0.012815303784213052,0.021827155724167824,0.03995073214173317
31,2,contraindication | contraindication,0.014681301452219487,0.001189582776151006,0.012856446206569672,0.015907444059848785
31,2,drug_drug | drug_drug,0.01531020738184452,0.0007819074118690873,0.013605385087430477,0.015824977308511734
31,2,drug_protein | disease_protein,0.020569261784354847,0.010720010525270529,0.01381027139723301,0.03292960673570633
31,2,drug_protein | drug_protein,0.015293964184820652,,0.015293964184820652,0.015293964184820652
31,2,drug_protein | protein_protein,0.01932712011039257,0.004139693985022502,0.01595204882323742,0.024561988189816475
31,2,indication | contraindication,0.016822736710309982,0.011094786451390351,0.008977537974715233,0.024667935445904732
32,1,contraindication,0.01782895993117405,0.006715881097114694,0.004754730500280857,0.035683583468198776
32,1,drug_drug,0.014486434603376048,0.0017232173239903766,0.009754895232617855,0.017367422580718994
32,1,drug_protein,0.01745673082768917,,0.01745673082768917,0.01745673082768917
32,1,indication,0.009833918884396553,,0.009833918884396553,0.009833918884396553
32,2,contraindication | contraindication,0.014801383577287197,0.001171555203419023,0.012972768396139145,0.016089778393507004
32,2,drug_drug | drug_drug,0.015277254395186901,0.00031496453417909596,0.014587625861167908,0.015525066293776035
32,2,drug_protein | disease_protein,0.013393177340428034,0.002352497707548073,0.01075238548219204,0.015264852903783321
32,2,drug_protein | drug_protein,0.015276588499546051,,0.015276588499546051,0.015276588499546051
32,2,drug_protein | protein_protein,0.01840476244688034,0.004028071580168786,0.012666866183280945,0.023583628237247467
32,2,indication | contraindication,0.016793796326965094,0.01141070408130433,0.008725210092961788,0.0248623825609684
33,1,contraindication,0.017066040203313936,0.006423421004968654,0.009749763645231724,0.03212801367044449
33,1,drug_drug,0.014444996748146014,0.001721425120932145,0.009717143140733242,0.017849192023277283
33,1,drug_protein,0.015906939283013344,,0.015906939283013344,0.015906939283013344
33,1,indication,0.01143912598490715,,0.01143912598490715,0.01143912598490715
33,2,contraindication | contraindication,0.014681113325059414,0.0014664616582622302,0.012388311326503754,0.016429848968982697
33,2,drug_drug | drug_drug,0.015210238684500967,0.0005884800357908506,0.014262539334595203,0.01594397984445095
33,2,drug_protein | disease_protein,0.013385617484649023,0.001447202213811259,0.012315324507653713,0.015032181516289711
33,2,drug_protein | drug_protein,0.015283546410501003,,0.015283546410501003,0.015283546410501003
33,2,drug_protein | protein_protein,0.021349893882870674,0.008770332747453192,0.013964928686618805,0.03652307391166687
33,2,indication | contraindication,0.008665390312671661,,0.008665390312671661,0.008665390312671661
33,2,indication | disease_disease,0.024670565500855446,,0.024670565500855446,0.024670565500855446
34,1,contraindication,0.01742588487369093,0.0068937831965119,0.010553492233157158,0.031085047870874405
34,1,drug_drug,0.014415192034703197,0.0015870635392852327,0.009776242077350616,0.017291905358433723
34,1,drug_protein,0.01897440478205681,,0.01897440478205681,0.01897440478205681
34,1,indication,0.012537074275314808,,0.012537074275314808,0.012537074275314808
34,2,contraindication | contraindication,0.014725781604647636,0.0014002382795880461,0.012301516719162464,0.015813326463103294
34,2,drug_drug | drug_drug,0.015350727763559138,0.0007899296468114504,0.01358889788389206,0.015829090029001236
34,2,drug_protein | disease_protein,0.013253627344965935,0.0020067852268834223,0.010979105718433857,0.014774424955248833
34,2,drug_protein | drug_protein,0.015256419777870178,,0.015256419777870178,0.015256419777870178
34,2,drug_protein | protein_protein,0.01587393619120121,0.0030919588413606015,0.012158631347119808,0.01863338053226471
34,2,indication | contraindication,0.009286589920520782,,0.009286589920520782,0.009286589920520782
34,2,indication | disease_disease,0.02602563239634037,,0.02602563239634037,0.02602563239634037
35,1,contraindication,0.01412294133517303,0.004937377955561011,0.0033954689279198647,0.022701678797602654
35,1,drug_drug,0.01430231396160606,0.001639799090399591,0.010243077762424946,0.017321426421403885
35,1,drug_protein,0.01980016380548477,,0.01980016380548477,0.01980016380548477
35,1,indication,0.011650879867374897,,0.011650879867374897,0.011650879867374897
35,2,contraindication | contraindication,0.014787372946739197,0.0013756261583087797,0.012863793410360813,0.016725771129131317
35,2,drug_drug | drug_drug,0.015289177053741046,0.0006569345624705179,0.013849739916622639,0.015790654346346855
35,2,drug_protein | disease_protein,0.013346760533750057,0.0013834082334754183,0.011829609982669353,0.014538358896970749
35,2,drug_protein | drug_protein,0.01525631919503212,,0.01525631919503212,0.01525631919503212
35,2,drug_protein | protein_protein,0.016895779222249985,0.0038776988680919106,0.012404358014464378,0.021813489496707916
35,2,indication | contraindication,0.00882226973772049,,0.00882226973772049,0.00882226973772049
35,2,indication | disease_disease,0.021297313272953033,,0.021297313272953033,0.021297313272953033
36,1,contraindication,0.013476965201430414,0.0035726838694515022,0.0031696984078735113,0.019289467483758926
36,1,drug_drug,0.014311001946528753,0.001751265549178178,0.010076906532049179,0.017508016899228096
36,1,drug_protein,0.014994940720498562,,0.014994940720498562,0.014994940720498562
36,1,indication,0.010737845674157143,,0.010737845674157143,0.010737845674157143
36,2,contraindication | contraindication,0.014931382983922959,0.0011461069714625198,0.01297639962285757,0.015785185620188713
36,2,drug_drug | drug_drug,0.01524692281548466,0.0006225017915545825,0.014160292223095894,0.01599290780723095
36,2,drug_protein | disease_protein,0.01587484994282325,0.0030738187954401875,0.013135665096342564,0.019199183210730553
36,2,drug_protein | drug_protein,0.015266694128513336,,0.015266694128513336,0.015266694128513336
36,2,drug_protein | protein_protein,0.02025244329124689,0.006454898998064014,0.012272321619093418,0.030304739251732826
36,2,indication | contraindication,0.008712475188076496,,0.008712475188076496,0.008712475188076496
36,2,indication | disease_disease,0.025250595062971115,,0.025250595062971115,0.025250595062971115
37,1,contraindication,0.017979530203673575,0.009973601301364599,0.004992163740098476,0.04264222830533981
37,1,drug_drug,0.014430887142902818,0.0017603484568901142,0.010444412007927895,0.017589019611477852
37,1,drug_protein,0.021894123405218124,,0.021894123405218124,0.021894123405218124
37,1,indication,0.013115834444761276,,0.013115834444761276,0.013115834444761276
37,2,contraindication | contraindication,0.014882938005030155,0.0011998074746642096,0.012971929274499416,0.01597835309803486
37,2,drug_drug | drug_drug,0.015555296359317643,0.0005642337183652861,0.014305749908089638,0.01599852740764618
37,2,drug_protein | disease_protein,0.013513286287585894,0.0006826248920354134,0.012870474718511105,0.01422975119203329
37,2,drug_protein | drug_protein,0.015268940478563309,,0.015268940478563309,0.015268940478563309
37,2,drug_protein | protein_protein,0.017034614086151124,0.004605272731364333,0.012634511105716228,0.02215399034321308
37,2,indication | contraindication,0.008727182634174824,,0.008727182634174824,0.008727182634174824
37,2,indication | disease_disease,0.02409972995519638,,0.02409972995519638,0.02409972995519638
38,1,contraindication,0.012184814912163548,0.0037608234197769297,0.0051505244337022305,0.019383203238248825
38,1,drug_drug,0.01439584229655307,0.0017122545763401146,0.010545996949076653,0.017318785190582275
38,1,drug_protein,0.01720167137682438,,0.01720167137682438,0.01720167137682438
38,1,off-label use,0.016202332451939583,,0.016202332451939583,0.016202332451939583
38,2,contraindication | contraindication,0.014626630395650864,0.0018384786342095462,0.012074476107954979,0.017198985442519188
38,2,drug_drug | drug_drug,0.015453578638178962,0.0005146856912575156,0.014295616187155247,0.015697039663791656
38,2,drug_protein | disease_protein,0.013490536560614904,0.002873437906825706,0.010459423996508121,0.016174815595149994
38,2,drug_protein | drug_protein,0.015312722884118557,,0.015312722884118557,0.015312722884118557
38,2,drug_protein | protein_protein,0.01609689984470606,0.004109438409743528,0.013587918132543564,0.023144181817770004
38,2,indication | contraindication,0.008656760677695274,,0.008656760677695274,0.008656760677695274
38,2,indication | indication,0.024757398292422295,,0.024757398292422295,0.024757398292422295
39,1,contraindication,0.012905360603084167,0.005795369676505866,0.005077829584479332,0.024966128170490265
39,1,drug_drug,0.014320188566941667,0.0017402966571610386,0.009748375043272972,0.017184386029839516
39,1,drug_protein,0.01598939672112465,,0.01598939672112465,0.01598939672112465
39,2,contraindication | contraindication,0.014702792093157769,0.0013498273984532934,0.012749824672937393,0.016549695283174515
39,2,drug_drug | contraindication,0.01304266881197691,,0.01304266881197691,0.01304266881197691
39,2,drug_drug | drug_drug,0.015148660700236048,0.0005021900734534472,0.01409879419952631,0.015574815683066845
39,2,drug_protein | disease_protein,0.015954104252159595,0.0026299173710089955,0.01301757525652647,0.01809249073266983
39,2,drug_protein | drug_protein,0.015270610339939594,,0.015270610339939594,0.015270610339939594
39,2,drug_protein | protein_protein,0.01737856101244688,0.006023935654466149,0.011861584149301052,0.02749580889940262
39,2,indication | contraindication,0.008964195847511292,,0.008964195847511292,0.008964195847511292
39,2,indication | indication,0.0247375275939703,,0.0247375275939703,0.0247375275939703
40,1,contraindication,0.012969740523168674,0.003493937216487566,0.007857784628868103,0.020116347819566727
40,1,drug_drug,0.014301294485727947,0.0017381827557452045,0.009841468185186386,0.017481649294495583
40,1,drug_protein,0.016330895945429802,,0.016330895945429802,0.016330895945429802
40,2,contraindication | contraindication,0.014967597834765912,0.0013202234960285923,0.012953867204487324,0.016563937067985535
40,2,drug_drug | contraindication,0.01361000444740057,,0.01361000444740057,0.01361000444740057
40,2,drug_drug | drug_drug,0.015019288153520651,0.0006065236000338798,0.014157401397824287,0.015853077173233032
40,2,drug_protein | disease_protein,0.019982627282540005,0.010031936042747821,0.014186279848217964,0.03156650811433792
40,2,drug_protein | drug_protein,0.015278952196240425,,0.015278952196240425,0.015278952196240425
40,2,drug_protein | protein_protein,0.023466679453849792,0.005678956274633666,0.017491761595010757,0.02978617325425148
40,2,indication | contraindication,0.008994614705443382,,0.008994614705443382,0.008994614705443382
41,1,contraindication,0.014269231317135004,0.005447050215034595,0.007603459060192108,0.02463500015437603
41,1,drug_drug,0.014230912240842978,0.0016841025175989542,0.010202535428106785,0.017033284530043602
41,1,drug_protein,0.0242492463439703,,0.0242492463439703,0.0242492463439703
41,2,contraindication | contraindication,0.01471420843154192,0.001253673079677848,0.012978868559002876,0.01651279628276825
41,2,drug_drug | contraindication,0.0150255486369133,,0.0150255486369133,0.0150255486369133
41,2,drug_drug | drug_drug,0.015286916600806373,0.000505959059469714,0.014155864715576172,0.015634695068001747
41,2,drug_protein | disease_protein,0.01674082751075427,0.002846295999614567,0.013576040044426918,0.019091004505753517
41,2,drug_protein | drug_protein,0.015285272151231766,,0.015285272151231766,0.015285272151231766
41,2,drug_protein | protein_protein,0.020072053745388986,0.0038818737487486196,0.015911765396595,0.02468833141028881
41,2,indication | contraindication,0.009485865011811256,,0.009485865011811256,0.009485865011811256
42,1,contraindication,0.010094866738654673,0.00372206121472807,0.0031349421478807926,0.018889566883444786
42,1,drug_drug,0.01424136386555157,0.0018263695006389656,0.009553609415888786,0.017746184021234512
42,1,drug_protein,0.03715415298938751,,0.03715415298938751,0.03715415298938751
42,2,contraindication | contraindication,0.014543787762522697,0.0014432054808305888,0.012188242748379707,0.016151079908013344
42,2,drug_drug | contraindication,0.016059326007962227,,0.016059326007962227,0.016059326007962227
42,2,drug_drug | drug_drug,0.015279008341687066,0.000561928767604385,0.01418241299688816,0.01584474742412567
42,2,drug_protein | disease_protein,0.014345138644178709,0.0022085478700849402,0.011805536225438118,0.015816181898117065
42,2,drug_protein | drug_protein,0.015265485271811485,,0.015265485271811485,0.015265485271811485
42,2,drug_protein | protein_protein,0.018631662242114544,0.004200828007836394,0.013259592466056347,0.02428685873746872
42,2,indication | contraindication,0.008718564175069332,,0.008718564175069332,0.008718564175069332
43,1,contraindication,0.01264685431184868,0.004389366115406651,0.0070978919975459576,0.021306274458765984
43,1,drug_drug,0.014162162127627047,0.0017650485141782926,0.009384156204760075,0.017360178753733635
43,1,drug_protein,0.01716703362762928,,0.01716703362762928,0.01716703362762928
43,2,contraindication | contraindication,0.014856473729014396,0.0013739276658067227,0.01270508673042059,0.016103049740195274
43,2,drug_drug | contraindication,0.030751265585422516,,0.030751265585422516,0.030751265585422516
43,2,drug_drug | drug_drug,0.015381344727107457,0.0006132300127585769,0.014209707267582417,0.01594969816505909
43,2,drug_protein | disease_protein,0.01480632151166598,0.0007840987849069941,0.014162839390337467,0.015679659321904182
43,2,drug_protein | drug_protein,0.01526107732206583,,0.01526107732206583,0.01526107732206583
43,2,drug_protein | protein_protein,0.01882826127111912,0.005168991193542794,0.014728748239576817,0.02702283300459385
43,2,indication | contraindication,0.008824380114674568,,0.008824380114674568,0.008824380114674568
44,1,contraindication,0.013263405378287038,0.0038657947141674804,0.00883394293487072,0.022004269063472748
44,1,drug_drug,0.014186807612068211,0.0018207679615693732,0.009718870744109154,0.01762024126946926
44,1,drug_protein,0.014282571151852608,,0.014282571151852608,0.014282571151852608
44,2,contraindication | contraindication,0.015278025344014168,0.0013018280860590398,0.012994349002838135,0.016189871355891228
44,2,drug_drug | contraindication,0.01703498139977455,,0.01703498139977455,0.01703498139977455
44,2,drug_drug | drug_drug,0.01516743070845093,0.0005056406647738958,0.014448922127485275,0.015773208811879158
44,2,drug_protein | disease_protein,0.014208058128133416,0.003199806114839723,0.011339917778968811,0.018219362944364548
44,2,drug_protein | drug_protein,0.01529298722743988,,0.01529298722743988,0.01529298722743988
44,2,drug_protein | protein_protein,0.02402654755860567,0.009079988229737278,0.01723184622824192,0.03687172383069992
44,2,indication | contraindication,0.008849217556416988,,0.008849217556416988,0.008849217556416988
45,1,contraindication,0.012937796961826583,0.004649550442086118,0.006273050792515278,0.0215990599244833
45,1,drug_drug,0.014204430720762702,0.0017892460129475354,0.009357641451060772,0.01718069799244404
45,1,indication,0.013714402914047241,,0.013714402914047241,0.013714402914047241
45,2,contraindication | contraindication,0.01500550489872694,0.0013043071599731922,0.012898974120616913,0.01611706241965294
45,2,drug_drug | contraindication,0.01422933116555214,,0.01422933116555214,0.01422933116555214
45,2,drug_drug | drug_drug,0.015190254364694868,0.0007710187848044113,0.013636758551001549,0.015844592824578285
45,2,drug_protein | disease_protein,0.013181425631046295,0.0016653341054745406,0.01181541197001934,0.015607369132339954
45,2,drug_protein | drug_protein,0.015267965383827686,,0.015267965383827686,0.015267965383827686
45,2,drug_protein | protein_protein,0.019797547487542033,0.006172329929668082,0.013822567649185658,0.028362968936562538
45,2,indication | contraindication,0.008697635494172573,,0.008697635494172573,0.008697635494172573
46,1,contraindication,0.011848033328230182,0.003011477988400041,0.008323767222464085,0.019447123631834984
46,1,drug_drug,0.014219050967930169,0.0018579081748122533,0.009515500627458096,0.017422650009393692
46,1,indication,0.009145542979240417,,0.009145542979240417,0.009145542979240417
46,2,contraindication | contraindication,0.015068378299474716,0.0012519300627489402,0.012993855401873589,0.016223549842834473
46,2,drug_drug | contraindication,0.030112430453300476,,0.030112430453300476,0.030112430453300476
46,2,drug_drug | drug_drug,0.015061585897845882,0.0006781803765053196,0.014127006754279137,0.015915099531412125
46,2,drug_protein | disease_protein,0.014170857146382332,0.0036869407247598317,0.009662185795605183,0.018623730167746544
46,2,drug_protein | drug_protein,0.014354865998029709,,0.014354865998029709,0.014354865998029709
46,2,drug_protein | protein_protein,0.016477279830724,0.001641653604328897,0.015001240186393261,0.017989277839660645
46,2,indication | contraindication,0.008955232799053192,,0.008955232799053192,0.008955232799053192
47,1,contraindication,0.01177297008689493,0.0035450146420957624,0.006575764622539282,0.020162908360362053
47,1,drug_drug,0.014209655983163821,0.0018631370919732525,0.009536325000226498,0.01704072766005993
47,1,indication,0.010638384148478508,,0.010638384148478508,0.010638384148478508
47,2,contraindication | contraindication,0.0148099884390831,0.0015574520066512806,0.01235328521579504,0.016632648184895515
47,2,drug_drug | contraindication,0.015223843976855278,,0.015223843976855278,0.015223843976855278
47,2,drug_drug | drug_drug,0.015282899939588137,0.0006854428621420784,0.013866840861737728,0.015854233875870705
47,2,drug_protein | disease_protein,0.015458164270967245,0.0038959605316252633,0.010569355450570583,0.02010520175099373
47,2,drug_protein | drug_protein,0.015288231894373894,,0.015288231894373894,0.015288231894373894
47,2,drug_protein | protein_protein,0.016692308243364096,0.003471235131345874,0.013881518505513668,0.021256208419799805
47,2,indication | contraindication,0.008618778549134731,,0.008618778549134731,0.008618778549134731
48,1,contraindication,0.011111503660989305,0.003772820621694129,0.007020063232630491,0.01754573918879032
48,1,drug_drug,0.014206621481340057,0.0018443467401043252,0.009583835490047932,0.0175209641456604
48,1,indication,0.014551264233887196,,0.014551264233887196,0.014551264233887196
48,2,contraindication | contraindication,0.014612713083624839,0.001563823791007064,0.012235153466463089,0.016611384227871895
48,2,drug_drug | contraindication,0.01307283341884613,,0.01307283341884613,0.01307283341884613
48,2,drug_drug | drug_drug,0.015326632585908686,0.000591116561824401,0.014066302217543125,0.01591237261891365
48,2,drug_protein | disease_protein,0.016971755772829056,0.009461280796066668,0.007858511991798878,0.02992011420428753
48,2,drug_protein | drug_protein,0.014693530276417732,,0.014693530276417732,0.014693530276417732
48,2,drug_protein | protein_protein,0.04903251817449927,0.06025389470630628,0.014733191579580307,0.13929598033428192
48,2,indication | contraindication,0.008880529552698135,,0.008880529552698135,0.008880529552698135
49,1,contraindication,0.013575490952158967,0.0040365660557143655,0.008202272467315197,0.02060084044933319
49,1,drug_drug,0.014180812805841695,0.0017994701715960799,0.010134507901966572,0.01747978664934635
49,1,indication,0.011659475974738598,,0.011659475974738598,0.011659475974738598
49,2,contraindication | contraindication,0.015087105566635728,0.0007445755975668556,0.014494485221803188,0.016176622360944748
49,2,contraindication | disease_disease,0.014908868819475174,,0.014908868819475174,0.014908868819475174
49,2,drug_drug | contraindication,0.01297721266746521,,0.01297721266746521,0.01297721266746521
49,2,drug_drug | drug_drug,0.015154872222670488,0.0005475414680756476,0.014265851117670536,0.015774790197610855
49,2,drug_protein | disease_protein,0.012302319519221783,0.0031280368473598124,0.007757732644677162,0.01486026868224144
49,2,drug_protein | drug_protein,0.015313985757529736,,0.015313985757529736,0.015313985757529736
49,2,drug_protein | protein_protein,0.015413783257827163,0.002764865532248243,0.013973237946629524,0.019560432061553
49,2,indication | disease_disease,0.008309511467814445,,0.008309511467814445,0.008309511467814445
50,1,contraindication,0.01501110585575754,0.004003120309640117,0.007476497441530228,0.020417192950844765
50,1,drug_drug,0.014236702164326678,0.0018808052021094172,0.009487438015639782,0.01717807911336422
50,1,drug_protein,0.01952926442027092,,0.01952926442027092,0.01952926442027092
50,1,indication,0.01083531603217125,,0.01083531603217125,0.01083531603217125
50,2,contraindication | contraindication,0.015217075357213616,0.000585112300638611,0.014782651327550411,0.016059188172221184
50,2,contraindication | disease_disease,0.013201329857110977,,0.013201329857110977,0.013201329857110977
50,2,drug_drug | contraindication,0.01504729688167572,,0.01504729688167572,0.01504729688167572
50,2,drug_drug | drug_drug,0.01541819197258779,0.0006807869984408273,0.014025116339325905,0.01618056744337082
50,2,drug_protein | disease_protein,0.013902358477935195,0.004454326026849487,0.00743086077272892,0.01685711368918419
50,2,drug_protein | drug_protein,0.013114921748638153,0.003054553333156566,0.010955026373267174,0.015274817124009132
50,2,drug_protein | protein_protein,0.01656838444372018,0.0022668072513359863,0.014543628320097923,0.01901731640100479
50,2,indication | disease_disease,0.009897448122501373,,0.009897448122501373,0.009897448122501373
51,1,contraindication,0.013286897573958744,0.004382238833149308,0.008895805105566978,0.02076859585940838
51,1,drug_drug,0.014107882267246578,0.001860084571355786,0.009838704019784927,0.017185669392347336
51,1,drug_protein,0.01621517725288868,,0.01621517725288868,0.01621517725288868
51,1,indication,0.009986193850636482,,0.009986193850636482,0.009986193850636482
51,2,contraindication | contraindication,0.015204572817310691,0.0006117969660275502,0.014597233384847641,0.01585933193564415
51,2,contraindication | disease_disease,0.0116186011582613,,0.0116186011582613,0.0116186011582613
51,2,drug_drug | contraindication,0.014460721984505653,,0.014460721984505653,0.014460721984505653
51,2,drug_drug | drug_drug,0.015349238578762327,0.0007877807287646232,0.013594052754342556,0.01583779603242874
51,2,drug_protein | disease_protein,0.012287348508834839,0.0037694515597493294,0.00766967236995697,0.015559420920908451
51,2,drug_protein | drug_protein,0.012527541257441044,0.0022399574843842297,0.010943652130663395,0.014111430384218693
51,2,drug_protein | protein_protein,0.01587533267835776,0.0031008284353542526,0.013304701074957848,0.01931912638247013
51,2,indication | disease_protein,0.010718927718698978,,0.010718927718698978,0.010718927718698978
52,1,contraindication,0.013395537156611681,0.004849964225266364,0.008155502378940582,0.02106594480574131
52,1,drug_drug,0.0141563670599441,0.0019020418220851338,0.008945229463279247,0.01740812137722969
52,1,drug_protein,0.06886277347803116,,0.06886277347803116,0.06886277347803116
52,1,indication,0.012197723612189293,,0.012197723612189293,0.012197723612189293
52,2,contraindication | contraindication,0.01526883477345109,0.0010462633717826862,0.014592891559004784,0.01680886186659336
52,2,contraindication | disease_disease,0.011458645574748516,,0.011458645574748516,0.011458645574748516
52,2,drug_drug | contraindication,0.020749034360051155,,0.020749034360051155,0.020749034360051155
52,2,drug_drug | drug_drug,0.015436870445098196,0.00040235311582951806,0.014684929512441158,0.015842800959944725
52,2,drug_protein | disease_protein,0.014637215062975883,0.0035959690752703937,0.009779095649719238,0.018461747094988823
52,2,drug_protein | drug_protein,0.01309698959812522,0.003086539498453795,0.010914476588368416,0.015279502607882023
52,2,drug_protein | protein_protein,0.014271155620614687,0.001163239725815392,0.013096152804791927,0.015422264114022255
52,2,indication | disease_protein,0.012141360901296139,,0.012141360901296139,0.012141360901296139
53,1,contraindication,0.012133608013391495,0.0027844304013132353,0.00942592229694128,0.017585698515176773
53,1,drug_drug,0.01413518458678825,0.0018063395190072752,0.008911622688174248,0.016956467181444168
53,1,indication,0.008746160194277763,,0.008746160194277763,0.008746160194277763
53,2,contraindication | contraindication,0.015022348146885633,0.0007723896288637851,0.014439234510064125,0.01610974594950676
53,2,contraindication | disease_disease,0.013144845142960548,,0.013144845142960548,0.013144845142960548
53,2,drug_drug | contraindication,0.017228901386260986,,0.017228901386260986,0.017228901386260986
53,2,drug_drug | drug_drug,0.015059770705799261,0.0007854206727486119,0.013679524883627892,0.01628904417157173
53,2,drug_protein | disease_protein,0.014638715423643589,0.003309397623157264,0.00994016882032156,0.017465166747570038
53,2,drug_protein | drug_protein,0.01311902143061161,0.003082213519580856,0.010939567349851131,0.01529847551137209
53,2,drug_protein | protein_protein,0.013982757305105528,0.00039633586471679827,0.01363079622387886,0.014412065036594868
53,2,indication | disease_protein,0.010962430387735367,,0.010962430387735367,0.010962430387735367
54,1,contraindication,0.010386477793670364,0.002062389000922432,0.007529873866587877,0.013714179396629333
54,1,drug_drug,0.014141167465009187,0.0019247539500234043,0.00852013099938631,0.017077680677175522
54,1,off-label use,0.01506816316395998,,0.01506816316395998,0.01506816316395998
54,2,contraindication | contraindication,0.015148081118240952,0.0005308175106584281,0.014501171186566353,0.015640048310160637
54,2,contraindication | disease_disease,0.01150115393102169,,0.01150115393102169,0.01150115393102169
54,2,drug_drug | contraindication,0.015286562964320183,,0.015286562964320183,0.015286562964320183
54,2,drug_drug | drug_drug,0.015070553248127302,0.0007602820740979329,0.013779040426015854,0.016011299565434456
54,2,drug_protein | disease_protein,0.01314689964056015,0.004253026988379922,0.007991759106516838,0.016783563420176506
54,2,drug_protein | drug_protein,0.012930833268910646,0.0033384037967988337,0.010570225305855274,0.015291441231966019
54,2,drug_protein | protein_protein,0.020867783886690933,0.007410150478788465,0.01348861027508974,0.028308527544140816
54,2,indication | disease_protein,0.014792141504585743,,0.014792141504585743,0.014792141504585743
55,1,contraindication,0.01083069196384814,0.0033769134565514634,0.007394520100206137,0.018009113147854805
55,1,drug_drug,0.013959556768991445,0.0018933064835041943,0.008487443439662457,0.016733797267079353
55,2,contraindication | contraindication,0.015685073100030422,0.0012951645122834007,0.014467623084783554,0.01780243031680584
55,2,contraindication | disease_disease,0.012400436215102673,,0.012400436215102673,0.012400436215102673
55,2,drug_drug | contraindication,0.0130708497017622,,0.0130708497017622,0.0130708497017622
55,2,drug_drug | drug_drug,0.015229229608343707,0.0004593835019118405,0.014540747739374638,0.015741106122732162
55,2,drug_protein | disease_protein,0.014963117428123951,0.0041649763508943205,0.008838698267936707,0.017852799966931343
55,2,drug_protein | drug_protein,0.012933784164488316,0.0033324196028547944,0.010577407665550709,0.015290160663425922
55,2,drug_protein | protein_protein,0.017235461932917435,0.005326406205201736,0.012930204160511494,0.02319192700088024
55,2,indication | disease_protein,0.011755027808248997,,0.011755027808248997,0.011755027808248997
56,1,contraindication,0.011726319169004759,0.002750877368546409,0.008916064165532589,0.01731945015490055
56,1,drug_drug,0.014228514093436942,0.0019372529502238091,0.00884622149169445,0.01703556627035141
56,1,drug_protein,0.01666726917028427,,0.01666726917028427,0.01666726917028427
56,2,contraindication | contraindication,0.016024142131209375,0.001265353842418865,0.015097626484930515,0.018225794658064842
56,2,contraindication | disease_disease,0.01215070579200983,,0.01215070579200983,0.01215070579200983
56,2,drug_drug | contraindication,0.01844208873808384,,0.01844208873808384,0.01844208873808384
56,2,drug_drug | drug_drug,0.015251427992350526,0.0006568497069921024,0.01412216853350401,0.01583980768918991
56,2,drug_protein | disease_protein,0.015556978294625878,0.003252781572272867,0.011549639515578747,0.019272953271865845
56,2,drug_protein | drug_protein,0.012916140723973513,0.0033443530878839492,0.010551325976848602,0.015280955471098423
56,2,drug_protein | protein_protein,0.018976425131162006,0.009860353392710311,0.012487736530601978,0.030323192477226257
56,2,indication | disease_protein,0.010266252793371677,,0.010266252793371677,0.010266252793371677
57,1,contraindication,0.010548961348831654,0.002354667959138992,0.006792453117668629,0.01378113403916359
57,1,drug_drug,0.01408720649778843,0.0019531084402689316,0.008369514718651772,0.017695069313049316
57,1,drug_protein,0.09492217563092709,0.09924178544006722,0.024747636169195175,0.165096715092659
57,2,contraindication | contraindication,0.016108679212629796,0.001376065044790552,0.014870726503431797,0.018042389303445816
57,2,contraindication | disease_disease,0.010137769393622875,,0.010137769393622875,0.010137769393622875
57,2,drug_drug | contraindication,0.017091616988182068,,0.017091616988182068,0.017091616988182068
57,2,drug_drug | drug_drug,0.01539708197944694,0.0005669437540745721,0.014124487526714802,0.016171254217624664
57,2,drug_protein | disease_protein,0.014884353304902712,0.0032306876472205925,0.012236448936164379,0.018484001979231834
57,2,drug_protein | drug_protein,0.011214199165503183,0.0037335703933791308,0.00794957485049963,0.015284998342394829
57,2,drug_protein | protein_protein,0.017447491797308128,0.005458596894212087,0.01224056538194418,0.023127026855945587
57,2,indication | disease_protein,0.013267602771520615,,0.013267602771520615,0.013267602771520615
58,1,contraindication,0.009725628058529563,0.003697163684841259,0.005267402622848749,0.014348119497299194
58,1,drug_drug,0.014136229089150826,0.0019318001828682219,0.008326420560479164,0.01692511886358261
58,1,drug_protein,0.019335596822202206,0.008587153015024418,0.013263562694191933,0.02540763095021248
58,2,contraindication | contraindication,0.016160119138658047,0.001289120702242613,0.014866301789879799,0.01815374381840229
58,2,contraindication | disease_disease,0.01153772883117199,,0.01153772883117199,0.01153772883117199
58,2,drug_drug | contraindication,0.01900314725935459,,0.01900314725935459,0.01900314725935459
58,2,drug_drug | drug_drug,0.015178831190698676,0.0007611428142209029,0.013658484444022179,0.01603950373828411
58,2,drug_protein | disease_protein,0.015711750835180283,0.004701357949140866,0.012454419396817684,0.021101415157318115
58,2,drug_protein | drug_protein,0.011499330711861452,0.0035255257604862463,0.00827487651258707,0.015263650566339493
58,2,drug_protein | protein_protein,0.016439643688499928,0.004109803625033603,0.012673475779592991,0.020823221653699875
58,2,indication | disease_protein,0.013381212949752808,,0.013381212949752808,0.013381212949752808
59,1,contraindication,0.009474070070104467,0.0028274729950159244,0.006988776847720146,0.013563800603151321
59,1,drug_drug,0.014017358676840862,0.0018276810569239348,0.008288973942399025,0.016874585300683975
59,1,drug_protein,0.0299425907433033,,0.0299425907433033,0.0299425907433033
59,2,contraindication | contraindication,0.016810967586934566,0.00224604443382871,0.014528852887451649,0.01957724615931511
59,2,contraindication | disease_disease,0.01381715014576912,,0.01381715014576912,0.01381715014576912
59,2,drug_drug | contraindication,0.0101839704439044,,0.0101839704439044,0.0101839704439044
59,2,drug_drug | drug_drug,0.015518903525339233,0.0006289179516905262,0.01424636784940958,0.016290998086333275
59,2,drug_protein | disease_protein,0.016284145414829254,0.00012829749822187934,0.016159309074282646,0.01641564443707466
59,2,drug_protein | drug_protein,0.011201121223469576,0.003691294178046507,0.008038798347115517,0.015257244929671288
59,2,drug_protein | protein_protein,0.02359382590899865,0.013899819611661198,0.015109331347048283,0.03963501378893852
59,2,indication | disease_protein,0.009909468702971935,,0.009909468702971935,0.009909468702971935
60,1,contraindication,0.011053721989608474,0.0033711780855897617,0.007528955582529306,0.01842188835144043
60,1,drug_drug,0.01408090558523933,0.0019479131222275006,0.008442959748208523,0.017484137788414955
60,1,drug_protein,0.020978394895792007,,0.020978394895792007,0.020978394895792007
60,2,contraindication | contraindication,0.016390622593462467,0.0019088808624701007,0.014687183313071728,0.019152654334902763
60,2,contraindication | disease_disease,0.013876027427613735,,0.013876027427613735,0.013876027427613735
60,2,drug_drug | contraindication,0.01500454731285572,,0.01500454731285572,0.01500454731285572
60,2,drug_drug | drug_drug,0.015340144849485822,0.0006577252143226739,0.014295252040028572,0.016220582649111748
60,2,drug_protein | disease_protein,0.014570685724417368,0.001019239587034943,0.013423804193735123,0.015372919850051403
60,2,drug_protein | drug_protein,0.011387095476190249,0.003676404552327466,0.007956058718264103,0.015267548151314259
60,2,drug_protein | protein_protein,0.019906227166454,0.005537701542509878,0.015198227018117905,0.0260075181722641
60,2,indication | disease_protein,0.011317342519760132,,0.011317342519760132,0.011317342519760132
61,1,contraindication,0.010137059363640018,0.003496195801045799,0.005434495862573385,0.01749664731323719
61,1,drug_drug,0.014112675425906976,0.0018867561960706023,0.008679543621838093,0.017214588820934296
61,1,drug_protein,0.02048840932548046,,0.02048840932548046,0.02048840932548046
61,2,contraindication | contraindication,0.016439942953487236,0.0017307234117724054,0.014883427880704403,0.01874506287276745
61,2,contraindication | disease_disease,0.011694882065057755,,0.011694882065057755,0.011694882065057755
61,2,drug_drug | contraindication,0.016041889786720276,,0.016041889786720276,0.016041889786720276
61,2,drug_drug | drug_drug,0.015105077375968298,0.000627632243685939,0.013785275630652905,0.015773102641105652
61,2,drug_protein | disease_protein,0.01722281239926815,0.0005578112331532617,0.01660844124853611,0.017697522416710854
61,2,drug_protein | drug_protein,0.011262264102697372,0.0036209641999287788,0.008281122893095016,0.015291728079319
61,2,drug_protein | protein_protein,0.015874759604533512,0.0030886971457248715,0.013421145267784595,0.019343191757798195
61,2,indication | disease_protein,0.01239757239818573,,0.01239757239818573,0.01239757239818573
62,1,contraindication,0.012817062030080706,0.005212004444596919,0.006340812426060438,0.01932811737060547
62,1,drug_drug,0.013989689164727136,0.00199696812819925,0.007629422936588526,0.017511073499917984
62,1,drug_protein,0.020630259066820145,,0.020630259066820145,0.020630259066820145
62,2,contraindication | contraindication,0.016325118796279032,0.002032043180837302,0.01440482959151268,0.019446350634098053
62,2,contraindication | disease_disease,0.010779635049402714,,0.010779635049402714,0.010779635049402714
62,2,drug_drug | contraindication,0.015293356031179428,,0.015293356031179428,0.015293356031179428
62,2,drug_drug | drug_drug,0.015210679628782801,0.0007755194247339781,0.013458204455673695,0.015924597159028053
62,2,drug_protein | disease_protein,0.015851838514208794,0.001650583631594233,0.014328879304230213,0.017605725675821304
62,2,drug_protein | drug_protein,0.011266293004155159,0.0036574254396434932,0.008090797811746597,0.015265250578522682
62,2,drug_protein | protein_protein,0.018932363639275234,0.005547680960099891,0.015325134620070457,0.02532048337161541
62,2,indication | disease_protein,0.011660970747470856,,0.011660970747470856,0.011660970747470856
63,1,contraindication,0.01183388807112351,0.004705996615956736,0.006922211032360792,0.019006272777915
63,1,drug_drug,0.014012428506320675,0.0018967009251224562,0.007702282629907131,0.017004646360874176
63,1,drug_protein,0.02009737119078636,,0.02009737119078636,0.02009737119078636
63,2,contraindication | contraindication,0.016758407310893137,0.002081583114639589,0.014766111969947815,0.019477758556604385
63,2,contraindication | disease_disease,0.011882209219038486,,0.011882209219038486,0.011882209219038486
63,2,drug_drug | contraindication,0.01701507531106472,,0.01701507531106472,0.01701507531106472
63,2,drug_drug | drug_drug,0.015054255206551816,0.0006711408088202714,0.013653379864990711,0.015847519040107727
63,2,drug_protein | disease_protein,0.01420126692391932,0.0015654239180488685,0.01225616317242384,0.016088806092739105
63,2,drug_protein | drug_protein,0.011484558694064617,0.0035273742618178116,0.008254130370914936,0.015248171985149384
63,2,drug_protein | protein_protein,0.013493123929947615,0.0010350047686935805,0.01276126503944397,0.01422498282045126
63,2,indication | disease_protein,0.01203174702823162,,0.01203174702823162,0.01203174702823162
